username,email
YKobHZ7jEcAr,YKobHZ7jEcAr@hotmeil.con
KAYdNcyZGVuD,KAYdNcyZGVuD@autluc.de
0KEnZeRuuZF5,0KEnZeRuuZF5@gnails.from
ahBW0ihUThbM,ahBW0ihUThbM@yau.com
xk6ylvfhgKRP,xk6ylvfhgKRP@autluc.de
e5yLTUct3lyT,e5yLTUct3lyT@autluc.de
OGOM3FKleCk7,OGOM3FKleCk7@gnails.from
Ndc73IWfxDbR,Ndc73IWfxDbR@yau.com
4zAKFa6F0dqT,4zAKFa6F0dqT@hotmeil.con
wH2ebC1HdOc9,wH2ebC1HdOc9@gnails.from
kfXXHsTOUCDm,kfXXHsTOUCDm@autluc.de
GxXAFqKeZaPJ,GxXAFqKeZaPJ@gnails.from
wP8l7Q6ydexF,wP8l7Q6ydexF@autluc.de
15mLmv3q7KCm,15mLmv3q7KCm@yau.com
lfqQZFlQYJXg,lfqQZFlQYJXg@yau.com
ATkAeiBoJTFD,ATkAeiBoJTFD@autluc.de
xebnfc60Dxru,xebnfc60Dxru@yau.com
7jhvT095wFtN,7jhvT095wFtN@gnails.from
ikTUl3xDqsbM,ikTUl3xDqsbM@hotmeil.con
JU0AVInY2moB,JU0AVInY2moB@yau.com
W4QvrnqcHf6y,W4QvrnqcHf6y@autluc.de
dWm7VY62B5zw,dWm7VY62B5zw@yau.com
ZMdTvGZWCnUO,ZMdTvGZWCnUO@gnails.from
x0D2XjThSjcL,x0D2XjThSjcL@yau.com
sTw0OXX9dCsn,sTw0OXX9dCsn@yau.com
FmmqFFkvtDfq,FmmqFFkvtDfq@gnails.from
xDhJXwOFQxfa,xDhJXwOFQxfa@hotmeil.con
FUJcucFSB2Sl,FUJcucFSB2Sl@gnails.from
0MkJapna01Mt,0MkJapna01Mt@autluc.de
JXSysj94OrpJ,JXSysj94OrpJ@hotmeil.con
cT8G2m0P2YHL,cT8G2m0P2YHL@yau.com
8rcYBkbfffbA,8rcYBkbfffbA@hotmeil.con
3opNm1psgHx5,3opNm1psgHx5@yau.com
kI0IPUgOtwqO,kI0IPUgOtwqO@yau.com
NQsp4jddUZYG,NQsp4jddUZYG@hotmeil.con
MSh08aMZiSXZ,MSh08aMZiSXZ@hotmeil.con
XizTJtLzv5yS,XizTJtLzv5yS@autluc.de
Y6l6GEjwKLSM,Y6l6GEjwKLSM@gnails.from
tgoK7B4u0tj8,tgoK7B4u0tj8@yau.com
a9sHZ3crRico,a9sHZ3crRico@hotmeil.con
xBLa6r9VIqFC,xBLa6r9VIqFC@yau.com
uRBxrRTqVQdP,uRBxrRTqVQdP@autluc.de
rRFXkmgRNYkg,rRFXkmgRNYkg@gnails.from
dGEUJ0JN7qSi,dGEUJ0JN7qSi@autluc.de
Gb88uCQO5O0t,Gb88uCQO5O0t@hotmeil.con
CUZFW4O8Pv4C,CUZFW4O8Pv4C@gnails.from
zJmSyFekBSko,zJmSyFekBSko@autluc.de
wPfajTBBgnjs,wPfajTBBgnjs@hotmeil.con
NYIsbG859PN8,NYIsbG859PN8@autluc.de
DbQGDmDhIpS4,DbQGDmDhIpS4@gnails.from
3fBBrGjpcgBx,3fBBrGjpcgBx@gnails.from
Phh1H4Iv8RAL,Phh1H4Iv8RAL@autluc.de
JxXqOznocLlk,JxXqOznocLlk@autluc.de
5ppt6FAA40fQ,5ppt6FAA40fQ@yau.com
NoRgRYxDUAtV,NoRgRYxDUAtV@autluc.de
qxqWRFedovts,qxqWRFedovts@gnails.from
h69SvU8KMQtz,h69SvU8KMQtz@yau.com
0zGf4JiWknA1,0zGf4JiWknA1@autluc.de
t14bf8JSzkUR,t14bf8JSzkUR@autluc.de
utCF2ocNuNyf,utCF2ocNuNyf@hotmeil.con
mfmc67KACvWj,mfmc67KACvWj@yau.com
OAwiRrss0OsA,OAwiRrss0OsA@autluc.de
nj2hyGCOOxva,nj2hyGCOOxva@hotmeil.con
jZG2ABx4OIjt,jZG2ABx4OIjt@autluc.de
suRo2B4N69XI,suRo2B4N69XI@autluc.de
5qW3JrZn3C7b,5qW3JrZn3C7b@hotmeil.con
RYp6CKeP9yFE,RYp6CKeP9yFE@hotmeil.con
Sl6TUn4jZn6D,Sl6TUn4jZn6D@hotmeil.con
TMbigDcWXIeB,TMbigDcWXIeB@gnails.from
svEgF4q2LoLO,svEgF4q2LoLO@autluc.de
a96kzGTJFwtX,a96kzGTJFwtX@autluc.de
cU92GOi40slk,cU92GOi40slk@hotmeil.con
txmMTrwCJfpk,txmMTrwCJfpk@gnails.from
9FVd3gKIXn9O,9FVd3gKIXn9O@yau.com
qWNzeLCP34Wm,qWNzeLCP34Wm@yau.com
fqcHIJoSAhNP,fqcHIJoSAhNP@autluc.de
KBYcLPBcb48O,KBYcLPBcb48O@autluc.de
ii0FJzo2UtkM,ii0FJzo2UtkM@gnails.from
ksPQJxhngvLP,ksPQJxhngvLP@gnails.from
wD7keIY5nup4,wD7keIY5nup4@hotmeil.con
q97PRUiU0W9e,q97PRUiU0W9e@hotmeil.con
n99kNNohMX5A,n99kNNohMX5A@yau.com
uaaDL347NvbC,uaaDL347NvbC@gnails.from
F5CejCGdMwAA,F5CejCGdMwAA@gnails.from
CkLveZ7hmKLl,CkLveZ7hmKLl@autluc.de
a5aMeRsmhJOQ,a5aMeRsmhJOQ@yau.com
DTmCQXe75YvY,DTmCQXe75YvY@gnails.from
Kl90VpUxmT9N,Kl90VpUxmT9N@hotmeil.con
gVXGdCLcdeTz,gVXGdCLcdeTz@autluc.de
HssiwRMuN6VZ,HssiwRMuN6VZ@hotmeil.con
a6WjYi95Fbk9,a6WjYi95Fbk9@yau.com
SLHdAQZ23p0c,SLHdAQZ23p0c@autluc.de
7O78wVZbztjw,7O78wVZbztjw@autluc.de
uqAMvc1Ofvn6,uqAMvc1Ofvn6@yau.com
pabQsPo2Lyce,pabQsPo2Lyce@hotmeil.con
IdfT8XRyzJfP,IdfT8XRyzJfP@yau.com
BQLUKfGVYx4H,BQLUKfGVYx4H@yau.com
2wfchtW8Gmq3,2wfchtW8Gmq3@gnails.from
4slv12rwLtqj,4slv12rwLtqj@gnails.from
zMZ2CtdHycPD,zMZ2CtdHycPD@autluc.de
UXRvcUPRsr2q,UXRvcUPRsr2q@yau.com
svsTiVBngHht,svsTiVBngHht@yau.com
QOXHkvJ29W0l,QOXHkvJ29W0l@autluc.de
jkwJoacjKSYb,jkwJoacjKSYb@yau.com
xiOxWZGIkaPp,xiOxWZGIkaPp@yau.com
GCWhLyjSGurC,GCWhLyjSGurC@gnails.from
Iy4SpGPay9Sq,Iy4SpGPay9Sq@gnails.from
zZbTQntH4TVH,zZbTQntH4TVH@yau.com
FcG9QtfcXLqX,FcG9QtfcXLqX@yau.com
xFW0LaZ3W3ub,xFW0LaZ3W3ub@autluc.de
WCgtkDWWhuWJ,WCgtkDWWhuWJ@autluc.de
TArUOWStIR7O,TArUOWStIR7O@gnails.from
8Gjo7CL2gGwn,8Gjo7CL2gGwn@autluc.de
EPpqxVR0a4oi,EPpqxVR0a4oi@yau.com
Qw1jJe8Tsjlf,Qw1jJe8Tsjlf@autluc.de
7iqSJO6d66PO,7iqSJO6d66PO@yau.com
awXEH0Vn8cUa,awXEH0Vn8cUa@autluc.de
2DkF2RO1p5r4,2DkF2RO1p5r4@autluc.de
PhBKRWD5xES4,PhBKRWD5xES4@autluc.de
BjvEeLyfd66q,BjvEeLyfd66q@hotmeil.con
